<beans xmlns="http://www.springframework.org/schema/beans"
	xmlns:xsi="http://www.w3.org/2001/XMLSchema-instance" xmlns:aop="http://www.springframework.org/schema/aop"
	xmlns:tx="http://www.springframework.org/schema/tx"
	xsi:schemaLocation="  
 http://www.springframework.org/schema/beans  
 http://www.springframework.org/schema/beans/spring-beans-3.0.xsd  
 http://www.springframework.org/schema/tx  
 http://www.springframework.org/schema/tx/spring-tx-3.0.xsd  
 http://www.springframework.org/schema/aop  
 http://www.springframework.org/schema/aop/spring-aop-3.0.xsd">
	<bean id="dataSource" destroy-method="close"
		class="org.apache.commons.dbcp.BasicDataSource">
		<property name="url" value="${jdbc.url}" />
		<property name="driverClassName" value="${jdbc.driverClassName}" />
		<property name="username" value="${jdbc.username}" />
		<property name="password" value="${jdbc.password}" />
		<property name="initialSize" value="3" />
	</bean>

	<!-- Hibernate session factory -->
	<bean id="sessionFactory"
		class="org.springframework.orm.hibernate4.LocalSessionFactoryBean">
		<property name="dataSource">
			<ref bean="dataSource" />
		</property>
		<property name="hibernateProperties">
			<props>
				<prop key="hibernate.dialect">org.hibernate.dialect.MySQLDialect</prop>
				<prop key="hibernate.show_sql">true</prop>
				<prop key="hibernate.format_sql">true</prop>
				<prop key="use_sql_comments">true</prop>
				<prop key="hibernate.hbm2ddl.auto">update</prop>
			</props>
		</property>

		<property name="packagesToScan">
			<list>
				<value>vn.drs.entity</value>
			</list>
		</property>
	</bean>
	
	<!--Portal hibernate config -->
	<bean id="portalDataSource" destroy-method="close"
		class="org.apache.commons.dbcp.BasicDataSource">
		<property name="url" value="${portal.jdbc.url}" />
		<property name="driverClassName" value="${portal.jdbc.driverClassName}" />
		<property name="username" value="${portal.jdbc.username}" />
		<property name="password" value="${portal.jdbc.password}" />
		<property name="initialSize" value="3" />
	</bean>
	
	<bean id="portalSessionFactory"
		class="org.springframework.orm.hibernate4.LocalSessionFactoryBean">
		<property name="dataSource">
			<ref bean="portalDataSource" />
		</property>
		<property name="hibernateProperties">
			<props>
				<prop key="hibernate.dialect">org.hibernate.dialect.MySQLDialect</prop>
				<prop key="hibernate.show_sql">true</prop>
				<prop key="hibernate.format_sql">true</prop>
				<prop key="use_sql_comments">true</prop>
				<prop key="hibernate.hbm2ddl.auto">update</prop>
			</props>
		</property>

		<property name="packagesToScan">
			<list>
				<value>vn.drs.synchronize.model</value>
			</list>
		</property>
	</bean>

	<!-- transaction management -->
	<bean id="txManager"
		class="org.springframework.orm.hibernate4.HibernateTransactionManager">
		<property name="sessionFactory" ref="sessionFactory" />
	</bean>

	<tx:annotation-driven transaction-manager="txManager" />

	<tx:advice id="txAdvice" transaction-manager="txManager">
		<tx:attributes>
			<tx:method name="get" read-only="true" />
			<tx:method name="authenticate" no-rollback-for="BadCredentialsException,DisabledException" />
			<tx:method name="*" />
		</tx:attributes>
	</tx:advice>
	<aop:config>
		<aop:pointcut id="serviceOperationsPC"
			expression="execution(* vn.drs.controller.*Controller.*(..))" />
		<aop:advisor advice-ref="txAdvice" pointcut-ref="serviceOperationsPC" />
	</aop:config>

	<aop:config>
		<aop:pointcut id="wsServiceOperationsPC"
			expression="execution(* vn.drs.controller.*.*Controller.*(..))" />
		<aop:advisor advice-ref="txAdvice" pointcut-ref="wsServiceOperationsPC" />
	</aop:config>
	
	<aop:config>
		<aop:pointcut id="restServiceOperationsPC"
			expression="execution(* vn.drs.controller.*.*API.*(..))" />
		<aop:advisor advice-ref="txAdvice" pointcut-ref="restServiceOperationsPC" />
	</aop:config>
	
	<aop:config>
		<aop:pointcut id="authenticationProviderPC"
			expression="execution(* vn.drs.security.*.*(..))" />
		<aop:advisor advice-ref="txAdvice" pointcut-ref="authenticationProviderPC" />
	</aop:config>
</beans>  