<?xml version="1.0" encoding="UTF-8"?>
<beans xmlns="http://www.springframework.org/schema/beans"
	xmlns:xsi="http://www.w3.org/2001/XMLSchema-instance"
	xsi:schemaLocation="http://www.springframework.org/schema/beans
    http://www.springframework.org/schema/beans/spring-beans-4.0.xsd">

	<bean id="rdbmPropertiesPlacholder"
		class="org.springframework.beans.factory.config.PropertyPlaceholderConfigurer"
		lazy-init="false">
		<property name="locations">
			<list>
				<value>classpath:db.properties</value>
			</list>
		</property>
	</bean>
	
	<bean id="mppFolder" class="java.lang.String">
       <constructor-arg value="#{ systemProperties['catalina.base']}/upload">
       </constructor-arg>
    </bean>
    
    <bean id="semaphore" class="java.util.concurrent.Semaphore">
       <constructor-arg type="int" value="1">
       </constructor-arg>
    </bean>
</beans>