<?xml version="1.0" encoding="UTF-8"?>
<beans xmlns="http://www.springframework.org/schema/beans"
	xmlns:xsi="http://www.w3.org/2001/XMLSchema-instance" xmlns:oauth="http://www.springframework.org/schema/security/oauth2"
	xmlns:sec="http://www.springframework.org/schema/security" xmlns:mvc="http://www.springframework.org/schema/mvc"
	xsi:schemaLocation="http://www.springframework.org/schema/security/oauth2 http://www.springframework.org/schema/security/spring-security-oauth2-1.0.xsd
		http://www.springframework.org/schema/mvc http://www.springframework.org/schema/mvc/spring-mvc-4.0.xsd
		http://www.springframework.org/schema/security http://www.springframework.org/schema/security/spring-security-4.0.xsd
		http://www.springframework.org/schema/beans http://www.springframework.org/schema/beans/spring-beans-4.0.xsd">

	<http pattern="/oauth/token" create-session="stateless"
		authentication-manager-ref="clientAuthenticationManager"
		entry-point-ref="oauthAuthenticationEntryPoint" xmlns="http://www.springframework.org/schema/security">
		<intercept-url pattern="/oauth/token" access="IS_AUTHENTICATED_FULLY" />
		<anonymous enabled="false" />
		<!-- <http-basic entry-point-ref="clientAuthenticationEntryPoint" /> -->
		<!-- include this only if you need to authenticate clients via request 
			parameters -->
		<custom-filter ref="clientCredentialsTokenEndpointFilter"
			after="BASIC_AUTH_FILTER" />
		<access-denied-handler ref="oauthAccessDeniedHandler" />
	</http>

	<!-- test authorization -->
<!-- 	<http pattern="/user/*" create-session="stateless" -->
<!-- 		entry-point-ref="oauthAuthenticationEntryPoint" xmlns="http://www.springframework.org/schema/security"> -->
<!-- 		<anonymous enabled="false" /> -->
<!-- 		<intercept-url pattern="/user/*" access="ROLE_USER" /> -->
<!-- 		<custom-filter ref="resourceServerFilter" before="PRE_AUTH_FILTER" /> -->
<!-- 		<access-denied-handler ref="oauthAccessDeniedHandler" /> -->
<!-- 	</http> -->
	
<!-- 	<http pattern="/logout" create-session="never" -->
<!-- 		entry-point-ref="oauthAuthenticationEntryPoint" -->
<!-- 		access-decision-manager-ref="accessDecisionManager" -->
<!-- 		xmlns="http://www.springframework.org/schema/security"> -->
<!-- 		<anonymous enabled="false" /> -->
<!-- 		<intercept-url pattern="/logout" access="ROLE_CLIENT" -->
<!-- 			method="GET" /> -->
<!-- 		<sec:logout invalidate-session="true" logout-url="/logout" -->
<!-- 			success-handler-ref="logoutSuccessHandler" /> -->
<!-- 		<custom-filter ref="resourceServerFilter" before="PRE_AUTH_FILTER" /> -->
<!-- 		<access-denied-handler ref="oauthAccessDeniedHandler" /> -->
<!-- 	</http> -->

	<bean id="logoutSuccessHandler" class="vn.drs.security.OathTokenLogoutHandler">
		<property name="tokenstore" ref="tokenStore"></property>
	</bean>

	<oauth:resource-server id="resourceServerFilter"
		resource-id="tvh" token-services-ref="tokenServices" />

	<oauth:client-details-service id="clientDetails">
		<oauth:client client-id="my-trusted-client"
			authorized-grant-types="password,authorization_code,refresh_token,implicit"
			authorities="ROLE_CLIENT, ROLE_TRUSTED_CLIENT" scope="read,write,trust"
			access-token-validity="60" />
		<oauth:client client-id="my-trusted-client-with-secret"
			authorized-grant-types="password,authorization_code,refresh_token,implicit"
			secret="somesecret" authorities="ROLE_CLIENT, ROLE_TRUSTED_CLIENT" />
		<oauth:client client-id="my-client-with-secret"
			authorized-grant-types="client_credentials" authorities="ROLE_CLIENT"
			scope="read" secret="secret" />
		<oauth:client client-id="my-less-trusted-client"
			authorized-grant-types="authorization_code,implicit" authorities="ROLE_CLIENT" />
		<oauth:client client-id="my-less-trusted-autoapprove-client"
			authorized-grant-types="implicit" authorities="ROLE_CLIENT" scope="read,write,trust" />
		<oauth:client client-id="my-client-with-registered-redirect"
			authorized-grant-types="authorization_code,client_credentials"
			authorities="ROLE_CLIENT" redirect-uri="http://anywhere?key=value"
			scope="read,trust" />
		<oauth:client client-id="my-untrusted-client-with-registered-redirect"
			authorized-grant-types="authorization_code" authorities="ROLE_CLIENT"
			redirect-uri="http://anywhere" scope="read" />
		<oauth:client client-id="drs" resource-ids="tvh"
			authorized-grant-types="password,authorization_code,implicit,client_credentials"
			authorities="ROLE_CLIENT" scope="read,write" secret="secret" />
	</oauth:client-details-service>

	<bean id="clientDetailsUserService"
		class="org.springframework.security.oauth2.provider.client.ClientDetailsUserDetailsService">
		<constructor-arg ref="clientDetails" />
	</bean>

	<bean id="clientCredentialsTokenEndpointFilter"
		class="org.springframework.security.oauth2.provider.client.ClientCredentialsTokenEndpointFilter">
		<property name="authenticationManager" ref="clientAuthenticationManager" />
	</bean>

	<authentication-manager id="clientAuthenticationManager"
		xmlns="http://www.springframework.org/schema/security">
		<authentication-provider user-service-ref="clientDetailsUserService" />
	</authentication-manager>

	<authentication-manager alias="authenticationManager"
		xmlns="http://www.springframework.org/schema/security">
		<authentication-provider ref="defaultAuthenticationProvider" />
	</authentication-manager>

	<bean id="oauthAccessDeniedHandler"
		class="org.springframework.security.oauth2.provider.error.OAuth2AccessDeniedHandler" />

	<oauth:authorization-server
		client-details-service-ref="clientDetails" token-services-ref="tokenServices">
		<oauth:authorization-code />
		<oauth:implicit />
		<oauth:refresh-token />
		<oauth:client-credentials />
		<oauth:password authentication-manager-ref="userAuthenticationManager" />
	</oauth:authorization-server>

	<authentication-manager id="userAuthenticationManager"
		xmlns="http://www.springframework.org/schema/security">
		<authentication-provider ref="defaultAuthenticationProvider">
		</authentication-provider>
	</authentication-manager>

	<bean id="defaultAuthenticationProvider" class="vn.drs.security.DefaultAuthenticationProvider">
	</bean>

	<bean id="tokenServices"
		class="org.springframework.security.oauth2.provider.token.DefaultTokenServices">
		<property name="tokenStore" ref="tokenStore" />
		<property name="supportRefreshToken" value="true" />
		<property name="accessTokenValiditySeconds" value="3600"></property>
		<property name="clientDetailsService" ref="clientDetails" />
	</bean>

	<bean id="tokenStore"
		class="org.springframework.security.oauth2.provider.token.InMemoryTokenStore" />

	<bean id="oauthAuthenticationEntryPoint"
		class="org.springframework.security.oauth2.provider.error.OAuth2AuthenticationEntryPoint">
	</bean>

	<bean id="accessDecisionManager" class="org.springframework.security.access.vote.UnanimousBased"
		xmlns="http://www.springframework.org/schema/beans">
		<constructor-arg>
			<list>
				<bean class="org.springframework.security.oauth2.provider.vote.ScopeVoter" />
				<bean class="org.springframework.security.access.vote.RoleVoter" />
				<bean class="org.springframework.security.access.vote.AuthenticatedVoter" />
			</list>
		</constructor-arg>
	</bean>
</beans>
